clip,naive,lr,avg_reward,avg_gap
False,False,1e-06,-0.0326967592592592,-0.7141499437518735
False,False,1e-06,-0.014249790444258,-0.776215261192144
False,False,1e-06,-0.0142250530785563,-0.7880073435296527
False,False,2.1544346900318823e-05,-0.019528985507246185,-0.6952781065985352
